{"activities": {"0": "idle", "1": "Leaving the house", "4": "Use toilet", "5": "Take shower", "6": "Brush teeth", "9": "Shaving", "10": "Go to bed", "11": "Get dressed", "13": "Prepare brunch", "15": "Prepare dinner", "16": "Unknown", "17": "Get a drink", "24": "Wash dishes", "29": "Answering phone", "31": "Eat dinner", "32": "Eat brunch", "33": "Setting up sensors", "34": "Unpacking", "35": "Install sensor", "36": "On phone", "37": "Fasten kitchen camera", "38": "Wash toaster", "40": "Play piano", "42": "Gwenn searches keys", "43": "Prepare for leaving", "44": "Drop dish (No dishwash)", "45": "Water baobab"}, "sensors": {"1": " toilet door", "2": " toaster *dead*", "3": " fridge", "4": " dead", "5": " cupboard groceries", "6": " toilet flush", "7": " frontdoor", "8": " dead", "9": " cupboard plates", "10": "Bedroom door", "11": "temp geiser", "12": "press bed  rechts", "13": "press bed links", "14": "kwik cutlary drawer", "15": "kwik stove lid", "16": "PIR slaapkamer", "17": " temp shower", "18": " kwik dresser", "19": " PIR badkamer", "20": " Drukmat bureaustoel (piano)", "21": " gootsteen float", "22": " drukmat stoel serverhoekje", "24": " balkon deur", "25": " raam", "26": " toaster", "27": " magnetron", "28": " PIR keuken"}}
