{"activities": {"0": "idle", "1": "leave house", "3": "Eating", "4": "use toilet downstairs", "5": "take shower", "6": "brush teeth", "7": "use toilet upstairs", "8": "take bath", "9": "shave", "10": "go to bed", "11": "get dressed", "12": "take medication", "13": "prepare Breakfast", "14": "prepare Lunch", "15": "prepare Dinner", "16": "get snack", "17": "get drink", "18": "put items in dishwasher", "19": "unload dishwasher", "20": "store groceries", "21": "Grooming (Collection of 6,9,12,22)", "22": "put clothes in washingmachine", "23": "unload washingmachine", "25": "receive guest", "26": "watch tv", "27": "read paper", "28": "relax", "30": "Unknown"}, "sensors": {"5": "mat bed rechts, drukmat", "6": "mat bank, huiskamer", "7": "vriezer, reed", "8": "toilet flush boven, flush ", "10": "toilet flush beneden. flush ", "11": "badkamer klapdeur links", "13": "zelfde la als 18, kwik", "15": "La sleutels", "16": "badkamer klapdeur links", "18": "bestek la, kwik sensor ", "20": "kastje pannen, reed ", "21": "magnetron, reed ", "22": "kastje restjesbakjes, reed ", "23": "kastje borden/kruiden,reed ", "25": "deur toilet beneden", "27": "kastje cups/bowl/tuna, reed ", "28": "voordeur, reed ", "29": "deur slaapkamer", "30": "koelkast, reed ", "35": "badkuip, pir ", "36": "dresser, pir ", "38": "wasbak boven, flush ", "39": "mat bed links, drukmat "}}